{
  "num_items": 54,
  "relevance": {
    "overall_accuracy": 0.7037037037037037,
    "per_class": {
      "relevant": {
        "precision": 0.6774193548387096,
        "recall": 0.7777777777777778,
        "f1": 0.7241379310344828,
        "accuracy_within_gt_relevance": 0.7777777777777778
      },
      "irrelevant": {
        "precision": 0.7391304347826086,
        "recall": 0.6296296296296297,
        "f1": 0.68,
        "accuracy_within_gt_relevance": 0.6296296296296297
      }
    },
    "confusion": {
      "TP": 21,
      "FP": 10,
      "FN": 6,
      "TN": 17
    }
  },
  "RA-IoU": {
    "mean_all": 0.5344071345325047,
    "R@0.3": 61.111111111111114,
    "R@0.5": 57.407407407407405,
    "R@0.7": 48.148148148148145
  },
  "RT-IoU": 0.2839506172839506,
  "irrelevant_samples": {
    "mean_reasoning_score": 2.185185185185185,
    "count": 27,
    "label_reasoning_scores": {
      "Action/ActionSequence": {
        "simple_mean": 2.4,
        "weighted_mean": 2.4,
        "count": 2,
        "total_weight": 0.6666666666666666
      },
      "Action/FineGrainedAction": {
        "simple_mean": 2.65625,
        "weighted_mean": 2.4283018867924526,
        "count": 16,
        "total_weight": 8.833333333333334
      },
      "Attribute/AttributeValue": {
        "simple_mean": 1.9857142857142858,
        "weighted_mean": 1.991304347826087,
        "count": 7,
        "total_weight": 3.833333333333333
      },
      "Attribute/Comparison": {
        "simple_mean": 0.0,
        "weighted_mean": 0.0,
        "count": 0,
        "total_weight": 0.0
      },
      "Attribute/Counting": {
        "simple_mean": 2.75,
        "weighted_mean": 2.7499999999999996,
        "count": 2,
        "total_weight": 0.6666666666666666
      },
      "Object/ObjectExistence": {
        "simple_mean": 2.511111111111111,
        "weighted_mean": 2.1890909090909094,
        "count": 18,
        "total_weight": 9.166666666666666
      },
      "Object/ObjectMoving": {
        "simple_mean": 2.0,
        "weighted_mean": 2.0,
        "count": 1,
        "total_weight": 0.5
      },
      "Object/ObjectPartRelation": {
        "simple_mean": 2.25,
        "weighted_mean": 1.125,
        "count": 2,
        "total_weight": 1.3333333333333333
      },
      "Object/ObjectSpatialRelation": {
        "simple_mean": 0.75,
        "weighted_mean": 0.9000000000000001,
        "count": 2,
        "total_weight": 0.8333333333333333
      },
      "Scene/SceneExistence": {
        "simple_mean": 3.25,
        "weighted_mean": 3.0000000000000004,
        "count": 2,
        "total_weight": 0.8333333333333333
      },
      "Scene/SceneTransition": {
        "simple_mean": 2.0,
        "weighted_mean": 2.0,
        "count": 1,
        "total_weight": 0.3333333333333333
      }
    },
    "mean_sbert_similarity": 0.504161931850292,
    "sbert_count": 27,
    "label_sbert_scores": {
      "Action/ActionSequence": {
        "simple_mean": 0.7755835652351379,
        "weighted_mean": 0.7755835652351378,
        "count": 2,
        "total_weight": 0.6666666666666666
      },
      "Action/FineGrainedAction": {
        "simple_mean": 0.7659612223505974,
        "weighted_mean": 0.745620255200368,
        "count": 16,
        "total_weight": 8.833333333333334
      },
      "Attribute/AttributeValue": {
        "simple_mean": 0.7652938195637294,
        "weighted_mean": 0.7620438648306805,
        "count": 7,
        "total_weight": 3.833333333333333
      },
      "Attribute/Comparison": {
        "simple_mean": 0.0,
        "weighted_mean": 0.0,
        "count": 0,
        "total_weight": 0.0
      },
      "Attribute/Counting": {
        "simple_mean": 0.6722206473350525,
        "weighted_mean": 0.6722206473350525,
        "count": 2,
        "total_weight": 0.6666666666666666
      },
      "Object/ObjectExistence": {
        "simple_mean": 0.7927471531762017,
        "weighted_mean": 0.7913303429430182,
        "count": 18,
        "total_weight": 9.166666666666666
      },
      "Object/ObjectMoving": {
        "simple_mean": 0.8568668365478516,
        "weighted_mean": 0.8568668365478516,
        "count": 1,
        "total_weight": 0.5
      },
      "Object/ObjectPartRelation": {
        "simple_mean": 0.664687842130661,
        "weighted_mean": 0.575526550412178,
        "count": 2,
        "total_weight": 1.3333333333333333
      },
      "Object/ObjectSpatialRelation": {
        "simple_mean": 0.8056485056877136,
        "weighted_mean": 0.8035718917846679,
        "count": 2,
        "total_weight": 0.8333333333333333
      },
      "Scene/SceneExistence": {
        "simple_mean": 0.8801641762256622,
        "weighted_mean": 0.8736947655677796,
        "count": 2,
        "total_weight": 0.8333333333333333
      },
      "Scene/SceneTransition": {
        "simple_mean": 0.7349623441696167,
        "weighted_mean": 0.7349623441696167,
        "count": 1,
        "total_weight": 0.3333333333333333
      }
    }
  },
  "true_negative_samples": {
    "mean_reasoning_score": 3.4705882352941178,
    "count": 17,
    "label_reasoning_scores": {
      "Action/ActionSequence": {
        "simple_mean": 4.8,
        "weighted_mean": 4.8,
        "count": 1,
        "total_weight": 0.3333333333333333
      },
      "Action/FineGrainedAction": {
        "simple_mean": 4.25,
        "weighted_mean": 4.290000000000001,
        "count": 10,
        "total_weight": 4.999999999999999
      },
      "Attribute/AttributeValue": {
        "simple_mean": 4.633333333333334,
        "weighted_mean": 4.58,
        "count": 3,
        "total_weight": 1.6666666666666665
      },
      "Attribute/Comparison": {
        "simple_mean": 0.0,
        "weighted_mean": 0.0,
        "count": 0,
        "total_weight": 0.0
      },
      "Attribute/Counting": {
        "simple_mean": 2.75,
        "weighted_mean": 2.7499999999999996,
        "count": 2,
        "total_weight": 0.6666666666666666
      },
      "Object/ObjectExistence": {
        "simple_mean": 3.2285714285714286,
        "weighted_mean": 2.9365853658536585,
        "count": 14,
        "total_weight": 6.833333333333333
      },
      "Object/ObjectMoving": {
        "simple_mean": 2.0,
        "weighted_mean": 2.0,
        "count": 1,
        "total_weight": 0.5
      },
      "Object/ObjectPartRelation": {
        "simple_mean": 4.5,
        "weighted_mean": 4.5,
        "count": 1,
        "total_weight": 0.3333333333333333
      },
      "Object/ObjectSpatialRelation": {
        "simple_mean": 1.5,
        "weighted_mean": 1.5,
        "count": 1,
        "total_weight": 0.5
      },
      "Scene/SceneExistence": {
        "simple_mean": 3.25,
        "weighted_mean": 3.0000000000000004,
        "count": 2,
        "total_weight": 0.8333333333333333
      },
      "Scene/SceneTransition": {
        "simple_mean": 2.0,
        "weighted_mean": 2.0,
        "count": 1,
        "total_weight": 0.3333333333333333
      }
    },
    "mean_sbert_similarity": 0.8007277741151697,
    "sbert_count": 17,
    "label_sbert_scores": {
      "Action/ActionSequence": {
        "simple_mean": 0.8477157950401306,
        "weighted_mean": 0.8477157950401306,
        "count": 1,
        "total_weight": 0.3333333333333333
      },
      "Action/FineGrainedAction": {
        "simple_mean": 0.7979660570621491,
        "weighted_mean": 0.7729759514331819,
        "count": 10,
        "total_weight": 4.999999999999999
      },
      "Attribute/AttributeValue": {
        "simple_mean": 0.8225921193758646,
        "weighted_mean": 0.817951500415802,
        "count": 3,
        "total_weight": 1.6666666666666665
      },
      "Attribute/Comparison": {
        "simple_mean": 0.0,
        "weighted_mean": 0.0,
        "count": 0,
        "total_weight": 0.0
      },
      "Attribute/Counting": {
        "simple_mean": 0.6722206473350525,
        "weighted_mean": 0.6722206473350525,
        "count": 2,
        "total_weight": 0.6666666666666666
      },